{
  "simpleMem": {
    "AR": {
      "R1": {
        "accuracy": 0.608030303030303,
        "n_instances": 22
      },
      "R2": {
        "accuracy": 0.7124242424242424,
        "n_instances": 22
      },
      "R3": {
        "accuracy": 0.6439393939393939,
        "n_instances": 22
      }
    },
    "CR": {
      "R1": {
        "em": 0.1525,
        "sub": 0.38875,
        "f1": 0.17729140873345992,
        "n_instances": 8
      },
      "R2": {
        "em": 0.16749999999999998,
        "sub": 0.38,
        "f1": 0.18941723452240128,
        "n_instances": 8
      },
      "R3": {
        "em": 0.06375,
        "sub": 0.3675,
        "f1": 0.10112941279043552,
        "n_instances": 8
      }
    },
    "TTL": {
      "R1": {
        "accuracy": 0.5775,
        "n_instances": 6
      },
      "R2": {
        "accuracy": 0.5341666666666667,
        "n_instances": 6
      },
      "R3": {
        "accuracy": 0.5408333333333334,
        "n_instances": 6
      }
    }
  },
  "mem0": {
    "AR": {
      "R1": {
        "accuracy": 0.551060606060606,
        "n_instances": 22
      },
      "R2": {
        "accuracy": 0.5430303030303031,
        "n_instances": 22
      },
      "R3": {
        "accuracy": 0.5268181818181817,
        "n_instances": 22
      }
    },
    "CR": {
      "R1": {
        "em": 0.0325,
        "sub": 0.0325,
        "f1": 0.0375120651871224,
        "n_instances": 8
      },
      "R2": {
        "em": 0.0325,
        "sub": 0.0325,
        "f1": 0.037255032495454324,
        "n_instances": 8
      },
      "R3": {
        "em": 0.01875,
        "sub": 0.01875,
        "f1": 0.02229030910609858,
        "n_instances": 8
      }
    },
    "TTL": {
      "R1": {
        "accuracy": 0.004,
        "n_instances": 5
      },
      "R2": {
        "accuracy": 0.01,
        "n_instances": 5
      },
      "R3": {
        "accuracy": 0.018,
        "n_instances": 5
      }
    }
  },
  "mem0g": {
    "AR": {
      "R1": {
        "accuracy": 0.65875,
        "n_instances": 8
      },
      "R2": {
        "accuracy": 0.7566666666666665,
        "n_instances": 3
      }
    },
    "CR": {
      "R1": {
        "em": 0.33875,
        "sub": 0.37,
        "f1": 0.3518442947412662,
        "n_instances": 8
      },
      "R2": {
        "em": 0.43374999999999997,
        "sub": 0.4675,
        "f1": 0.4544915441477032,
        "n_instances": 8
      },
      "R3": {
        "em": 0.502,
        "sub": 0.514,
        "f1": 0.5173157142857143,
        "n_instances": 5
      }
    },
    "TTL": {
      "R1": {
        "accuracy": 0.624,
        "n_instances": 5
      },
      "R2": {
        "accuracy": 0.624,
        "n_instances": 5
      }
    }
  },
  "memGPT": {
    "AR": {
      "R1": {
        "accuracy": 0.6133333333333333,
        "n_instances": 3
      },
      "R2": {
        "accuracy": 0.5993939393939395,
        "n_instances": 22
      },
      "R3": {
        "accuracy": 0.5024242424242424,
        "n_instances": 22
      }
    },
    "CR": {
      "R1": {
        "em": 0.15375,
        "sub": 0.38625,
        "f1": 0.1818934276758327,
        "n_instances": 8
      },
      "R2": {
        "em": 0.18,
        "sub": 0.27875,
        "f1": 0.21204165030591224,
        "n_instances": 8
      },
      "R3": {
        "em": 0.13375,
        "sub": 0.3175,
        "f1": 0.16863243710532946,
        "n_instances": 8
      }
    },
    "TTL": {
      "R1": {
        "accuracy": 0.5016666666666667,
        "n_instances": 6
      },
      "R2": {
        "accuracy": 0.5607291666666667,
        "n_instances": 6
      },
      "R3": {
        "accuracy": 0.49361111111111117,
        "n_instances": 6
      }
    }
  },
  "amem": {
    "AR": {
      "R1": {
        "accuracy": 0.010757575757575756,
        "n_instances": 22
      },
      "R2": {
        "accuracy": 0.052272727272727276,
        "n_instances": 22
      },
      "R3": {
        "accuracy": 0.08803030303030306,
        "n_instances": 22
      }
    },
    "CR": {
      "R1": {
        "em": 0.00125,
        "sub": 0.135,
        "f1": 0.007353263561228906,
        "n_instances": 8
      },
      "R2": {
        "em": 0.0,
        "sub": 0.04625,
        "f1": 0.004930655685912907,
        "n_instances": 8
      },
      "R3": {
        "em": 0.0,
        "sub": 0.095,
        "f1": 0.009532074482988956,
        "n_instances": 8
      }
    },
    "TTL": {}
  },
  "hipporag": {
    "AR": {
      "R1": {
        "accuracy": 0.023484848484848483,
        "n_instances": 22
      },
      "R2": {
        "accuracy": 0.05621212121212122,
        "n_instances": 22
      },
      "R3": {
        "accuracy": 0.11166666666666668,
        "n_instances": 22
      }
    },
    "CR": {
      "R1": {
        "em": 0.00125,
        "sub": 0.11,
        "f1": 0.007936445828203449,
        "n_instances": 8
      },
      "R2": {
        "em": 0.0,
        "sub": 0.065,
        "f1": 0.005843272200121938,
        "n_instances": 8
      },
      "R3": {
        "em": 0.0025,
        "sub": 0.11125,
        "f1": 0.011165524706835267,
        "n_instances": 8
      }
    },
    "TTL": {
      "R1": {
        "accuracy": 0.014000000000000002,
        "n_instances": 5
      },
      "R2": {
        "accuracy": 0.02,
        "n_instances": 5
      },
      "R3": {
        "accuracy": 0.11600000000000002,
        "n_instances": 5
      }
    }
  }
}